TextObjectType,Language,MaintenanceOrder,MaintenanceOrderOperation,MaintenanceOrderSubOperation,OrderOperationLongText
TXT1,DE,MO-7091,OP-665,SUBOP-38,Fine base garden soon stop police.
TXT2,FR,MO-6345,OP-152,SUBOP-02,Think include how participant discover whether language.
TXT3,EN,MO-7923,OP-425,SUBOP-62,Something us water another dream four.
TXT3,FR,MO-0225,OP-715,SUBOP-16,Bring reason PM event wait describe four blood make figure some.
TXT3,EN,MO-8419,OP-545,SUBOP-58,Wait myself before bring idea beat myself remember.
TXT1,DE,MO-7207,OP-263,SUBOP-37,Tax year you region list wonder early.
TXT1,FR,MO-6984,OP-329,SUBOP-01,Truth thing store forget else better single.
TXT3,DE,MO-5642,OP-796,SUBOP-13,Fund room provide upon summer during leader old.
TXT3,FR,MO-8071,OP-930,SUBOP-81,Along smile receive happy experience sense find.
TXT1,EN,MO-5084,OP-520,SUBOP-18,Three forget prevent address father ago kitchen tax throw provide suffer.
TXT3,EN,MO-2375,OP-769,SUBOP-19,Should along public join every option long beat than.
TXT3,FR,MO-9459,OP-106,SUBOP-10,Recently increase music many later nothing finally boy.
TXT1,DE,MO-9246,OP-493,SUBOP-24,Tough reach kid three let.
TXT2,FR,MO-6109,OP-609,SUBOP-79,Understand condition she value.
TXT1,FR,MO-3523,OP-369,SUBOP-82,Such raise coach read church lose college half.
TXT3,FR,MO-3769,OP-779,SUBOP-44,Best represent forward also real federal specific truth one.
TXT3,DE,MO-6069,OP-666,SUBOP-99,Hotel require after plan why now.
TXT2,FR,MO-6027,OP-042,SUBOP-93,Have need eye bag recent eye again.
TXT2,EN,MO-1427,OP-251,SUBOP-54,Body friend central world.
TXT1,FR,MO-8789,OP-897,SUBOP-27,Staff better final state same.
TXT2,FR,MO-0075,OP-296,SUBOP-25,Effort gun industry official might officer lot draw pick.
TXT3,EN,MO-4706,OP-324,SUBOP-33,Expert best consider economy sit example blood born culture.
TXT3,FR,MO-3812,OP-075,SUBOP-29,Officer fish you entire prepare.
TXT3,DE,MO-0665,OP-758,SUBOP-67,To color range crime our week still true ability.
TXT3,FR,MO-0300,OP-349,SUBOP-60,Right anyone until before cultural.
TXT2,DE,MO-8913,OP-072,SUBOP-92,Respond place civil significant together maybe reason ok.
TXT3,FR,MO-1934,OP-435,SUBOP-90,Law cut subject morning pay interview.
TXT3,FR,MO-4217,OP-049,SUBOP-41,Wall imagine story middle weight total baby off store.
TXT3,FR,MO-6104,OP-630,SUBOP-06,Wall civil in step guess pattern production face.
TXT1,DE,MO-7142,OP-396,SUBOP-02,Imagine indicate region different leave act range live.
TXT1,EN,MO-8512,OP-249,SUBOP-34,Foot since training food low.
TXT3,FR,MO-4000,OP-832,SUBOP-13,Set executive off themselves author still reduce still thousand season.
TXT2,FR,MO-3485,OP-697,SUBOP-09,Behind number alone join be.
TXT2,FR,MO-5909,OP-579,SUBOP-76,Want affect can doctor interesting religious or participant tax baby.
TXT1,EN,MO-7765,OP-209,SUBOP-67,List note before southern development wear leg.
TXT1,FR,MO-8236,OP-665,SUBOP-34,Leader hear cause figure though program.
TXT2,DE,MO-9402,OP-424,SUBOP-15,Too design stay law call.
TXT1,EN,MO-2455,OP-746,SUBOP-76,Although skill me movement hand since become black.
TXT1,DE,MO-5159,OP-937,SUBOP-59,Home deal important current seven require.
TXT3,DE,MO-0042,OP-327,SUBOP-00,Pass federal church strong every red however draw ten.
TXT2,EN,MO-2945,OP-706,SUBOP-19,Including phone carry window sell statement.
TXT3,EN,MO-6824,OP-384,SUBOP-97,Collection among professor together painting value.
TXT1,FR,MO-1730,OP-614,SUBOP-73,Face station career wall relationship.
TXT1,EN,MO-4281,OP-422,SUBOP-78,Subject hard usually direction campaign Congress push modern young century.
TXT1,DE,MO-4654,OP-342,SUBOP-04,Out I artist story.
TXT1,FR,MO-6118,OP-253,SUBOP-30,Put him local sing money buy.
TXT2,EN,MO-7755,OP-992,SUBOP-35,Anything side low approach case reflect world visit which.
TXT2,DE,MO-1717,OP-012,SUBOP-84,Force art culture protect run a wall significant debate.
TXT2,EN,MO-6045,OP-494,SUBOP-06,Doctor song new natural discuss stay machine strong.
TXT2,FR,MO-2296,OP-420,SUBOP-53,Culture culture final might before series hotel community two.
TXT3,DE,MO-1113,OP-495,SUBOP-33,Special manager believe day fly.
TXT3,EN,MO-3060,OP-164,SUBOP-50,Seek plan one quickly mission.
TXT3,FR,MO-1688,OP-598,SUBOP-91,Population process future else establish process almost give.
TXT1,EN,MO-4779,OP-841,SUBOP-01,Not you work each scene control standard past stage.
TXT2,FR,MO-3615,OP-880,SUBOP-35,Story case establish cost buy develop bar last generation.
TXT2,DE,MO-3492,OP-056,SUBOP-91,Century go east trip.
TXT2,DE,MO-6351,OP-975,SUBOP-86,Task trip already employee grow ok physical.
TXT3,EN,MO-1087,OP-931,SUBOP-43,Establish husband heavy stuff cover training product majority.
TXT1,DE,MO-3176,OP-661,SUBOP-27,Another everything those whose choose second.
TXT1,EN,MO-4303,OP-948,SUBOP-77,Third fight himself suddenly traditional size try nearly community.
TXT1,EN,MO-9213,OP-520,SUBOP-39,Third fight project affect unit girl nor range.
TXT3,DE,MO-7658,OP-026,SUBOP-18,Religious force us development section medical effect mention fire minute.
TXT2,EN,MO-2197,OP-505,SUBOP-82,Performance gas wind specific general must.
TXT3,EN,MO-2966,OP-589,SUBOP-15,Form job fall do movie black everything be.
TXT2,DE,MO-8757,OP-968,SUBOP-92,Treatment challenge vote maintain suddenly eight clear environmental near.
TXT1,FR,MO-7389,OP-119,SUBOP-14,Meet a growth bill during professional enough accept.
TXT2,EN,MO-3055,OP-833,SUBOP-64,Much think environmental floor air medical thus ability.
TXT1,EN,MO-5082,OP-586,SUBOP-32,Hold leave provide story factor camera agree direction service ask.
TXT1,EN,MO-4926,OP-201,SUBOP-13,Quality author somebody car boy.
TXT1,DE,MO-9471,OP-053,SUBOP-34,Bill situation war way happy bad.
TXT2,FR,MO-1801,OP-691,SUBOP-40,Price site wrong ever walk crime cover.
TXT3,DE,MO-3204,OP-635,SUBOP-12,Decision sport pay somebody suggest.
TXT1,DE,MO-0752,OP-112,SUBOP-87,Audience generation set onto figure common decision.
TXT2,DE,MO-2758,OP-432,SUBOP-42,Possible six life see past money generation star difficult sea.
TXT1,FR,MO-6880,OP-366,SUBOP-11,Happen society meet many decade gun see individual compare where.
TXT2,DE,MO-9189,OP-330,SUBOP-39,Enough American over road some stay TV sure statement.
TXT3,DE,MO-1634,OP-846,SUBOP-83,Third three sister cut product have threat general others step.
TXT1,DE,MO-8967,OP-381,SUBOP-32,Change rock before training human bit finish center.
TXT1,FR,MO-6993,OP-955,SUBOP-73,Measure use education too nor book list fire.
TXT1,FR,MO-0024,OP-483,SUBOP-79,Effort kitchen into data miss lawyer machine.
TXT3,FR,MO-8945,OP-793,SUBOP-71,List newspaper up year particular maybe.
TXT2,FR,MO-1744,OP-909,SUBOP-56,Decision assume successful her however.
TXT1,DE,MO-6660,OP-146,SUBOP-82,Idea opportunity fish civil point clear collection sure simple between.
TXT1,FR,MO-2234,OP-101,SUBOP-06,Statement stay performance Mrs particular fly oil smile.
TXT3,EN,MO-5007,OP-551,SUBOP-99,Money huge heart forward none sure will five lay.
TXT2,DE,MO-6279,OP-941,SUBOP-29,Marriage kid several scientist relate woman.
TXT3,EN,MO-1256,OP-349,SUBOP-26,Give size offer consumer positive kind development impact plant conference and.
TXT3,FR,MO-0976,OP-116,SUBOP-58,More fact behind again everybody always response long star street line.
TXT1,EN,MO-7017,OP-725,SUBOP-83,Often from reach institution name perform themselves author direction.
TXT2,DE,MO-2009,OP-323,SUBOP-35,Event subject first pretty suffer myself.
TXT1,DE,MO-9251,OP-209,SUBOP-39,During because share actually final listen certain.
TXT1,DE,MO-8536,OP-077,SUBOP-70,Southern other but certainly worker receive production maintain.
TXT3,EN,MO-7109,OP-883,SUBOP-69,Result nothing college thought time peace commercial image.
TXT3,DE,MO-7951,OP-633,SUBOP-70,Four force seat spring central then prepare fight.
TXT1,DE,MO-9426,OP-915,SUBOP-85,Agent reason she determine action who.
TXT3,EN,MO-4183,OP-241,SUBOP-35,Pattern a article outside drive former them.
TXT3,FR,MO-0675,OP-773,SUBOP-20,Middle theory ok exactly wish.
TXT2,DE,MO-3751,OP-747,SUBOP-57,Someone west their free baby.
TXT1,FR,MO-0074,OP-372,SUBOP-18,Run what general personal town early accept nation into however.
TXT1,FR,MO-0899,OP-939,SUBOP-96,Leg bring accept employee box available voice threat.
TXT2,DE,MO-3318,OP-656,SUBOP-49,Town big person conference type start if well.
TXT3,EN,MO-8684,OP-462,SUBOP-82,Score city condition who lead.
TXT2,FR,MO-1269,OP-298,SUBOP-30,Low Republican since present guy community already leader it hard according.
TXT2,EN,MO-6116,OP-713,SUBOP-71,Particular more break work writer summer color.
TXT2,DE,MO-1162,OP-959,SUBOP-37,Skin past head leader often image crime night environment.
TXT3,DE,MO-0766,OP-404,SUBOP-49,Fine over red teach time information since both very along.
TXT2,DE,MO-0754,OP-736,SUBOP-44,Make time since meet news economic.
TXT1,DE,MO-1511,OP-349,SUBOP-09,Send the live economic body change even site campaign.
TXT3,DE,MO-5055,OP-505,SUBOP-54,Wish raise report heart heart.
TXT2,DE,MO-2035,OP-060,SUBOP-10,Either hard figure hope partner.
TXT2,EN,MO-1923,OP-980,SUBOP-90,Ask information season eat indicate part language travel option writer.
TXT2,DE,MO-0310,OP-006,SUBOP-70,Risk painting camera film leave military daughter be.
TXT2,FR,MO-4509,OP-947,SUBOP-21,Edge clearly voice region until American.
TXT2,FR,MO-3227,OP-508,SUBOP-04,Understand contain put information cut act place go produce five.
TXT2,DE,MO-1754,OP-616,SUBOP-41,Better court name among hold official early surface.
TXT1,EN,MO-2035,OP-405,SUBOP-11,Get newspaper ready country seem.
TXT3,DE,MO-5744,OP-005,SUBOP-39,Include positive join plant ever such able far sing hand.
TXT1,DE,MO-8529,OP-190,SUBOP-90,Several theory people culture ability beat still politics town.
TXT2,DE,MO-1189,OP-819,SUBOP-55,Blue politics firm phone conference someone relate modern.
TXT2,DE,MO-4262,OP-803,SUBOP-99,Behavior north discuss respond today method know not prepare important.
TXT2,EN,MO-2358,OP-996,SUBOP-70,General family science though another.
TXT1,FR,MO-3324,OP-411,SUBOP-89,Wish east mind weight sell nature.
TXT2,FR,MO-5602,OP-212,SUBOP-76,Occur first test senior area third truth.
TXT1,FR,MO-9061,OP-833,SUBOP-49,Hospital ready marriage grow another car behavior game including.
TXT3,FR,MO-1264,OP-794,SUBOP-03,Know throughout particularly ground source.
TXT1,FR,MO-8629,OP-630,SUBOP-55,Great performance simply put detail spring away.
TXT1,FR,MO-6451,OP-887,SUBOP-52,Parent indicate kid this purpose.
TXT3,EN,MO-3758,OP-132,SUBOP-63,Provide blue manage player administration choose population appear remember care its.
TXT2,DE,MO-0660,OP-671,SUBOP-60,Daughter nice resource decade attack.
TXT1,EN,MO-6573,OP-331,SUBOP-04,Mrs above husband point save need.
TXT3,EN,MO-5471,OP-267,SUBOP-98,Reason act left hundred site should keep role company.
TXT1,EN,MO-2141,OP-649,SUBOP-34,Avoid less food study hit brother.
TXT1,EN,MO-8927,OP-380,SUBOP-29,Consider treat road science find west include environment.
TXT3,EN,MO-6266,OP-862,SUBOP-06,Station visit indeed school because until across must father hope.
TXT1,EN,MO-2375,OP-792,SUBOP-43,Play green understand media each toward discover easy when.
TXT3,DE,MO-8257,OP-046,SUBOP-00,Issue everyone camera drug partner daughter wind.
TXT1,EN,MO-1734,OP-977,SUBOP-92,Today matter partner necessary that adult reveal beyond such.
TXT2,EN,MO-0797,OP-965,SUBOP-79,Baby drop interest process right fight stay player degree window.
TXT3,FR,MO-0341,OP-831,SUBOP-23,Learn exactly reach difficult represent deal strong always single test.
TXT2,FR,MO-4892,OP-488,SUBOP-95,Growth enough walk despite specific adult owner avoid especially writer.
TXT1,DE,MO-6717,OP-354,SUBOP-46,Ground information new into toward.
TXT2,EN,MO-3864,OP-386,SUBOP-81,Evidence fact purpose officer about student half.
TXT3,FR,MO-0140,OP-446,SUBOP-87,Heart spring those marriage look hand.
TXT1,EN,MO-0468,OP-553,SUBOP-34,Citizen house each black set third.
TXT3,FR,MO-9671,OP-144,SUBOP-40,Few let reveal difficult article certain.
TXT1,FR,MO-4543,OP-313,SUBOP-59,Out whom free smile notice customer bring.
TXT2,FR,MO-9101,OP-682,SUBOP-49,Education which important visit article audience story debate provide.
TXT2,FR,MO-4485,OP-536,SUBOP-43,Style kind win safe.
TXT3,EN,MO-1832,OP-734,SUBOP-45,Week along change determine send task animal Mrs usually.
TXT3,DE,MO-1644,OP-856,SUBOP-84,Would professional gun describe nature often smile serious final develop.
TXT1,FR,MO-8298,OP-197,SUBOP-46,Point set unit gas personal wish article technology later.
TXT3,FR,MO-3816,OP-712,SUBOP-71,Heavy amount middle us nearly drop quickly network network dream.
TXT3,DE,MO-8644,OP-184,SUBOP-16,Kind by us analysis collection three throughout.
TXT2,EN,MO-7592,OP-406,SUBOP-32,Window that role quickly involve.
TXT3,FR,MO-2116,OP-630,SUBOP-34,Kitchen now easy environment heart hot Congress wear fall view.
TXT3,DE,MO-6972,OP-920,SUBOP-58,Accept spring different level become however throw.
TXT1,EN,MO-8457,OP-665,SUBOP-77,Act hand process anyone nor even common over next.
TXT2,EN,MO-6377,OP-660,SUBOP-96,Message west take black impact help these.
TXT2,EN,MO-8570,OP-479,SUBOP-38,Sign politics enter enough knowledge.
TXT1,EN,MO-7427,OP-901,SUBOP-75,Important word effect six too trip then music.
TXT2,EN,MO-0930,OP-029,SUBOP-13,Party industry relate affect contain tell tough word require along.
TXT1,FR,MO-5760,OP-832,SUBOP-97,Quickly trouble air easy dark deal among position.
TXT1,FR,MO-8116,OP-562,SUBOP-49,Type get myself industry billion various themselves character international account.
TXT3,EN,MO-0501,OP-847,SUBOP-10,Only four a decision off sell.
TXT3,DE,MO-9044,OP-314,SUBOP-01,Parent nor make development low operation training issue.
TXT1,EN,MO-3294,OP-293,SUBOP-38,Trial water exist page school another sell.
TXT3,FR,MO-3167,OP-320,SUBOP-65,Model politics yet yes responsibility heavy the prevent.
TXT3,DE,MO-5625,OP-074,SUBOP-81,Market east movie present people remember development true.
TXT2,FR,MO-6627,OP-480,SUBOP-17,Risk executive success top ten bed street down teach.
TXT2,FR,MO-2852,OP-679,SUBOP-47,Food clearly society should think stay special behavior the buy.
TXT3,DE,MO-3275,OP-202,SUBOP-70,What someone himself history floor.
TXT1,EN,MO-6676,OP-086,SUBOP-48,Mother report finally raise staff.
TXT1,EN,MO-3373,OP-515,SUBOP-87,College me fast bit hope service yourself.
TXT3,FR,MO-9060,OP-078,SUBOP-59,Ball stop enough decade raise issue seek begin.
TXT3,DE,MO-3125,OP-346,SUBOP-72,Where really successful during subject fall purpose not item education shake.
TXT1,DE,MO-0239,OP-067,SUBOP-83,Heavy movement hear decide support attorney heavy six mean million.
TXT2,FR,MO-4918,OP-723,SUBOP-07,Language company sea television church.
TXT2,DE,MO-4567,OP-188,SUBOP-93,Recent federal indeed surface.
TXT1,FR,MO-0886,OP-183,SUBOP-39,No take many water until say.
TXT3,DE,MO-9774,OP-865,SUBOP-30,Society ready left hotel thank Democrat one could usually.
TXT2,EN,MO-7354,OP-439,SUBOP-41,Build identify seat run debate.
TXT1,FR,MO-0002,OP-054,SUBOP-65,Address guy month not ahead thank case.
TXT3,DE,MO-5040,OP-199,SUBOP-65,Reality land happen whose worry close.
TXT3,DE,MO-2163,OP-217,SUBOP-29,Staff ball pressure indicate response prepare finish.
TXT2,DE,MO-9683,OP-075,SUBOP-67,Nature boy reach dream truth important center tend sea development.
TXT3,FR,MO-7359,OP-462,SUBOP-26,Eye anyone physical hotel exactly use ago I according.
TXT1,DE,MO-1915,OP-082,SUBOP-23,After analysis while want whatever no century behind successful of.
TXT1,DE,MO-5875,OP-263,SUBOP-05,Day door sit authority probably design pressure so.
TXT1,DE,MO-4080,OP-498,SUBOP-77,Task much region give project particular itself here low.
TXT1,FR,MO-3513,OP-900,SUBOP-15,Statement account soon I within candidate support majority.
TXT3,FR,MO-8533,OP-309,SUBOP-49,Professional positive must and speech country admit.
TXT1,EN,MO-4448,OP-547,SUBOP-24,Concern pressure season treat push first crime onto.
TXT2,FR,MO-6475,OP-944,SUBOP-03,Board show take no pick worry score federal.
TXT3,FR,MO-3048,OP-855,SUBOP-84,Onto gun TV from opportunity wife.
TXT3,FR,MO-1077,OP-217,SUBOP-43,Well give easy put customer though for strategy various.
TXT3,EN,MO-7067,OP-811,SUBOP-17,Hear edge picture agency wrong.
TXT1,EN,MO-7711,OP-225,SUBOP-18,Career whatever ten far available baby cause.
TXT3,DE,MO-1312,OP-638,SUBOP-75,Build assume each argue no from technology away cell office.
TXT1,FR,MO-6379,OP-455,SUBOP-24,Story glass employee listen require each.
TXT1,DE,MO-1686,OP-480,SUBOP-81,Serve far glass him force wall organization certain discover through.
TXT3,DE,MO-0237,OP-816,SUBOP-03,Cell foot night tell blue front pass.
TXT3,DE,MO-3245,OP-196,SUBOP-35,Project family always address successful film product.
TXT1,FR,MO-5618,OP-711,SUBOP-82,Thousand career professor ready politics order indeed group now.
TXT3,FR,MO-4983,OP-726,SUBOP-55,Though really table today yet.
TXT3,EN,MO-4789,OP-268,SUBOP-34,Figure enter hospital capital impact.
TXT1,EN,MO-7844,OP-056,SUBOP-38,Claim up behavior threat hand social.
TXT1,DE,MO-3019,OP-442,SUBOP-06,Man maybe among everyone involve never only example international.
TXT3,DE,MO-1263,OP-197,SUBOP-44,Reveal bad experience medical present town.
TXT1,FR,MO-3408,OP-859,SUBOP-64,Until operation difference bar professor oil professor help business.
TXT1,EN,MO-8601,OP-380,SUBOP-10,Address social clear market deep.
TXT2,DE,MO-6419,OP-378,SUBOP-09,Cover character president defense too check event administration.
TXT3,DE,MO-5384,OP-628,SUBOP-23,Stand baby just movement interesting seat language.
TXT3,EN,MO-3318,OP-803,SUBOP-80,Arm happy interview nothing at poor glass beautiful attention its.
TXT3,FR,MO-4535,OP-483,SUBOP-82,Or box citizen former feel throughout both name.
TXT3,DE,MO-7492,OP-408,SUBOP-99,Including control reason amount figure customer top just.
TXT3,FR,MO-2088,OP-546,SUBOP-42,Education sit performance policy debate relationship what agency later image.
TXT1,DE,MO-5590,OP-203,SUBOP-29,Leave five share mission rock just become assume police sister.
TXT3,FR,MO-2622,OP-943,SUBOP-70,Base that his hotel require.
TXT3,DE,MO-8123,OP-740,SUBOP-79,Gas sort manage firm card family.
TXT2,DE,MO-7933,OP-066,SUBOP-48,Watch argue cold ever.
TXT1,DE,MO-2365,OP-802,SUBOP-35,Owner identify director forward sound task concern than.
TXT3,FR,MO-9927,OP-156,SUBOP-13,Challenge event today rock message only small.
TXT3,EN,MO-1908,OP-346,SUBOP-32,Information least imagine including study deep.
TXT3,FR,MO-9577,OP-859,SUBOP-24,Discover success reach radio.
TXT3,FR,MO-4038,OP-215,SUBOP-87,Congress help cut threat rise suggest.
TXT1,FR,MO-2778,OP-306,SUBOP-47,Travel admit allow reduce everybody.
TXT2,DE,MO-5142,OP-645,SUBOP-43,Shoulder will cup base feel Mrs protect.
TXT2,DE,MO-9635,OP-383,SUBOP-53,Red month truth follow particular author machine network.
TXT3,FR,MO-4603,OP-999,SUBOP-27,Require pick just officer down single southern name nature order.
TXT2,FR,MO-0535,OP-073,SUBOP-72,Argue page important toward deal.
TXT2,DE,MO-7345,OP-342,SUBOP-83,Above radio debate situation one bed black them.
TXT2,EN,MO-2405,OP-273,SUBOP-66,Can expect realize air school yourself near receive.
TXT2,DE,MO-9802,OP-013,SUBOP-43,Push protect huge wall house himself feeling evening.
TXT2,DE,MO-5070,OP-666,SUBOP-54,Herself true common share meeting half.
TXT1,FR,MO-0300,OP-029,SUBOP-72,Agreement available produce majority science between myself better.
TXT1,FR,MO-3510,OP-440,SUBOP-66,Miss light after table condition join record car fear.
TXT1,DE,MO-5623,OP-934,SUBOP-76,Article level yet would magazine author history toward board.
TXT2,FR,MO-7625,OP-761,SUBOP-39,Shake federal few building result interesting second here.
TXT1,DE,MO-4256,OP-951,SUBOP-04,Go up town end realize fire.
TXT2,EN,MO-6064,OP-753,SUBOP-98,Usually detail image vote account themselves.
TXT2,FR,MO-8870,OP-990,SUBOP-07,International order herself new and rich attack serve court realize.
TXT1,EN,MO-9166,OP-157,SUBOP-90,Oil official station those fish reflect price make few likely area.
TXT3,DE,MO-2082,OP-344,SUBOP-69,That about executive computer fear we next.
TXT2,EN,MO-9821,OP-101,SUBOP-92,Year third policy doctor the.
TXT2,FR,MO-5323,OP-963,SUBOP-00,Time member color southern contain.
TXT1,EN,MO-0282,OP-737,SUBOP-94,Still professional key TV sort cultural at care share sit.
TXT2,FR,MO-1691,OP-868,SUBOP-21,Every factor night establish pay quality likely report nearly.
TXT2,EN,MO-9729,OP-722,SUBOP-04,Program rich away option best them attack from.
TXT2,FR,MO-9045,OP-087,SUBOP-50,What record right conference tonight.
TXT1,DE,MO-6007,OP-165,SUBOP-46,One arm fill character court its property.
TXT3,EN,MO-1542,OP-219,SUBOP-16,Face successful upon TV police officer.
TXT3,EN,MO-7385,OP-957,SUBOP-65,Reason every focus close into upon.
TXT1,EN,MO-2654,OP-937,SUBOP-33,Back practice happen walk.
TXT2,FR,MO-7604,OP-602,SUBOP-29,Agent record structure one prepare organization certainly blue side.
TXT3,EN,MO-8487,OP-448,SUBOP-76,Network language suffer land lot final safe pull magazine defense firm.
TXT1,EN,MO-0898,OP-469,SUBOP-57,Which impact parent story six degree cultural rule including.
TXT1,FR,MO-4076,OP-071,SUBOP-82,Share man full especially street low black side air position inside.
TXT2,FR,MO-1657,OP-747,SUBOP-91,Discussion determine reflect onto prepare those admit how fall stuff.
TXT2,EN,MO-0040,OP-857,SUBOP-47,Contain heavy upon require speak school night international.
TXT1,EN,MO-4943,OP-914,SUBOP-91,Free behind condition themselves couple language clearly.
TXT1,FR,MO-8856,OP-367,SUBOP-24,Control something area figure claim Mr force past occur for always.
TXT1,EN,MO-4319,OP-572,SUBOP-83,Worry big indeed tree visit here give own.
TXT3,EN,MO-5398,OP-751,SUBOP-85,Special drop even program run ability picture manager product shake.
TXT2,DE,MO-5225,OP-493,SUBOP-69,Three avoid population leave speak.
TXT1,DE,MO-0909,OP-928,SUBOP-51,Similar identify usually site while.
TXT2,EN,MO-2554,OP-412,SUBOP-57,Control suffer letter at term spend agree his performance.
TXT3,DE,MO-4576,OP-089,SUBOP-01,Sign than on bar occur.
TXT1,DE,MO-9620,OP-878,SUBOP-22,Church nothing by it garden he market voice art.
TXT2,FR,MO-2907,OP-742,SUBOP-44,Thank concern action individual carry pick.
TXT3,EN,MO-2507,OP-065,SUBOP-23,Recent rise use body media discover.
TXT1,EN,MO-4931,OP-460,SUBOP-25,Others boy such bar always pressure force.
TXT2,DE,MO-8642,OP-003,SUBOP-58,Half firm fish onto anyone modern.
TXT1,DE,MO-8212,OP-610,SUBOP-33,Big capital product open station check condition maintain strategy.
TXT2,EN,MO-9188,OP-679,SUBOP-90,Thought analysis commercial everything what theory.
TXT2,FR,MO-9664,OP-314,SUBOP-83,Environment including position fish admit price live.
TXT3,EN,MO-4406,OP-027,SUBOP-87,Up charge else that suffer should rest.
TXT3,FR,MO-4488,OP-901,SUBOP-52,Account have south thank possible dream cover since various.
TXT3,EN,MO-8553,OP-042,SUBOP-67,Team suggest executive nice care scene.
TXT3,EN,MO-6208,OP-723,SUBOP-73,Include increase discuss no stock ball behavior into film.
TXT3,FR,MO-2965,OP-338,SUBOP-78,Indeed send girl likely eat bring fly approach fine.
TXT2,FR,MO-7086,OP-007,SUBOP-64,Majority past camera almost relationship hour able discuss.
TXT3,FR,MO-9305,OP-752,SUBOP-31,Rock information as receive difficult.
TXT2,FR,MO-8235,OP-109,SUBOP-87,Age star member entire child data experience as term develop.
TXT2,FR,MO-7039,OP-003,SUBOP-69,Age series series the sometimes.
TXT1,FR,MO-3426,OP-640,SUBOP-45,Week possible theory let pattern part which try write.
TXT2,FR,MO-1973,OP-741,SUBOP-11,Design whether available everyone society young break feeling level.
TXT2,DE,MO-7813,OP-821,SUBOP-23,Religious herself bill impact ask floor final close.
TXT3,EN,MO-2716,OP-558,SUBOP-78,Perform drop recent prevent truth family.
TXT2,FR,MO-6446,OP-389,SUBOP-20,Direction job television off sure.
TXT3,DE,MO-5951,OP-938,SUBOP-72,Poor list TV subject product popular scientist any.
TXT2,EN,MO-4070,OP-848,SUBOP-87,Why list improve serious design.
TXT2,EN,MO-4366,OP-322,SUBOP-20,Find beat lay plan face clearly than suffer point.
TXT3,EN,MO-6609,OP-511,SUBOP-32,Hit doctor both change clearly health.
TXT1,DE,MO-7592,OP-466,SUBOP-39,Person administration reflect history talk system effect force research special.
TXT2,DE,MO-9450,OP-848,SUBOP-05,Become government society at get sort maybe quite image bed.
TXT2,EN,MO-6782,OP-215,SUBOP-57,Memory pay already agree until.
TXT3,DE,MO-0195,OP-612,SUBOP-45,House sport get what Democrat support senior simply somebody along.
TXT3,DE,MO-5013,OP-068,SUBOP-95,Natural next often discover hour building.
TXT1,FR,MO-1870,OP-094,SUBOP-51,Suggest possible whom pick very southern thus.
TXT1,DE,MO-5056,OP-953,SUBOP-46,Partner better turn factor detail thousand opportunity court.
TXT1,EN,MO-2462,OP-000,SUBOP-17,Country cut environment edge name down of perform something.
TXT2,EN,MO-9264,OP-035,SUBOP-95,Easy popular away war word if light alone represent.
TXT2,DE,MO-8022,OP-114,SUBOP-95,Suddenly music resource position do if suddenly.
TXT3,DE,MO-2708,OP-470,SUBOP-61,Line stage democratic sing read reduce his.
TXT3,EN,MO-0862,OP-163,SUBOP-10,Moment thus bar smile they smile budget middle.
TXT3,EN,MO-5911,OP-449,SUBOP-28,Fear boy role worry program new.
TXT1,DE,MO-8243,OP-912,SUBOP-95,Weight former exactly trial onto.
TXT1,DE,MO-4544,OP-815,SUBOP-30,Member simple model off official.
TXT1,FR,MO-8727,OP-545,SUBOP-18,Big list want degree seek.
TXT2,EN,MO-8209,OP-016,SUBOP-14,Stuff her once success four.
TXT2,DE,MO-2805,OP-454,SUBOP-66,Such true entire season sign bad top road season.
TXT3,DE,MO-1379,OP-027,SUBOP-45,Wide child half plant visit rather.
TXT1,DE,MO-3782,OP-533,SUBOP-70,Trade federal answer kitchen goal our grow play design.
TXT2,EN,MO-5278,OP-165,SUBOP-34,Interview rule bag offer employee get sound themselves.
TXT1,FR,MO-0818,OP-812,SUBOP-56,Nothing successful change than.
TXT2,DE,MO-5011,OP-293,SUBOP-50,Light wall matter different left.
TXT1,FR,MO-6959,OP-814,SUBOP-11,Truth technology great need generation social similar attack.
TXT2,EN,MO-7568,OP-860,SUBOP-05,Sense threat about staff style win purpose.
TXT2,FR,MO-5125,OP-537,SUBOP-92,Vote claim but term report standard.
TXT2,FR,MO-0220,OP-993,SUBOP-04,Senior child image among production old herself concern teacher.
TXT2,FR,MO-5930,OP-781,SUBOP-94,I wide campaign might south expert throw step.
TXT3,EN,MO-6046,OP-735,SUBOP-93,Model star employee size pretty admit alone option ready.
TXT1,EN,MO-0925,OP-955,SUBOP-85,Car break early sort can election morning.
TXT2,DE,MO-1607,OP-990,SUBOP-83,School couple finally turn mean power dog safe feeling.
TXT2,DE,MO-5994,OP-615,SUBOP-32,Man fast however industry buy score general behind staff design.
TXT1,DE,MO-4976,OP-665,SUBOP-97,Organization also watch wife run behavior recently court leg.
TXT2,FR,MO-2074,OP-325,SUBOP-62,Add half up trip foot face pay customer development.
TXT2,FR,MO-3615,OP-668,SUBOP-14,As from south detail include join mission care set within.
TXT1,FR,MO-1105,OP-433,SUBOP-65,Really effect culture glass executive in movement may poor do.
TXT3,EN,MO-0269,OP-163,SUBOP-54,Career control discussion whose although beyond.
TXT3,DE,MO-0578,OP-230,SUBOP-65,Exist pass foot bit huge away movement would.
TXT2,EN,MO-7710,OP-561,SUBOP-30,Professor past contain investment.
TXT3,FR,MO-8640,OP-198,SUBOP-62,Others home job bar exist sure late.
TXT3,DE,MO-8115,OP-905,SUBOP-51,Least watch whether operation necessary some color.
TXT2,EN,MO-5170,OP-225,SUBOP-23,Stand bill report coach.
TXT2,DE,MO-2840,OP-765,SUBOP-82,Many Mr something have.
TXT3,DE,MO-0652,OP-445,SUBOP-74,Picture run quite since population develop amount mouth pattern.
TXT2,DE,MO-8222,OP-627,SUBOP-90,Teach class fire perhaps join.
TXT2,FR,MO-2395,OP-272,SUBOP-77,Possible line attention take evidence.
TXT3,FR,MO-0760,OP-685,SUBOP-82,Stop foreign indeed within example.
TXT1,DE,MO-3345,OP-510,SUBOP-86,Professional sometimes still rest raise nor your education century toward.
TXT3,FR,MO-2353,OP-255,SUBOP-19,Key many actually business community any eat also her.
TXT3,EN,MO-2675,OP-314,SUBOP-93,Baby degree within middle name debate.
TXT3,EN,MO-9269,OP-590,SUBOP-76,Special cell save bank work turn it draw.
TXT2,EN,MO-0290,OP-178,SUBOP-85,Not better speech least official goal improve.
TXT3,FR,MO-6220,OP-930,SUBOP-83,Couple building animal change fund.
TXT2,DE,MO-0580,OP-771,SUBOP-00,With teacher establish where change.
TXT1,EN,MO-0019,OP-313,SUBOP-49,Too song tend poor out event.
TXT3,EN,MO-9226,OP-393,SUBOP-62,Job them finish health whether middle decade.
TXT1,FR,MO-0669,OP-550,SUBOP-33,By term quality study central explain.
TXT3,FR,MO-5325,OP-440,SUBOP-96,Arrive street report high poor energy news alone card culture help.
TXT2,FR,MO-8386,OP-590,SUBOP-98,Such begin body relationship next analysis indeed drop believe let.
TXT1,DE,MO-1269,OP-526,SUBOP-22,Natural lead even relationship article other.
TXT3,DE,MO-5166,OP-168,SUBOP-03,Organization could girl improve decade soon pressure outside.
TXT1,FR,MO-3763,OP-277,SUBOP-19,Country how down final add investment necessary billion.
TXT2,EN,MO-6376,OP-850,SUBOP-03,Stuff police people country different prepare wait movie.
TXT2,FR,MO-9144,OP-501,SUBOP-91,Sign back arrive financial.
TXT3,EN,MO-8580,OP-770,SUBOP-10,Item life song somebody minute.
TXT3,FR,MO-9973,OP-380,SUBOP-33,Peace should cost doctor would natural laugh.
TXT1,DE,MO-4095,OP-161,SUBOP-23,Box onto would behind may.
TXT2,EN,MO-6180,OP-627,SUBOP-56,Hospital effort store current nor many product yet television.
TXT2,DE,MO-2606,OP-994,SUBOP-86,Money everything represent care method wide scene.
TXT3,EN,MO-6617,OP-960,SUBOP-15,Wonder art station line despite late collection own mother clear.
TXT2,EN,MO-9722,OP-809,SUBOP-91,Role agency lose sing player old trouble individual.
TXT2,FR,MO-5762,OP-329,SUBOP-56,Summer air hundred clear tough moment.
TXT2,EN,MO-9481,OP-272,SUBOP-18,Around oil college low fact nature brother on.
TXT1,FR,MO-5525,OP-730,SUBOP-50,Culture generation argue well modern.
TXT1,DE,MO-7803,OP-808,SUBOP-10,Protect style others response fly trouble Republican price game quite.
TXT1,FR,MO-4295,OP-776,SUBOP-44,Happy whose daughter purpose allow half indicate present possible single.
TXT2,DE,MO-4604,OP-475,SUBOP-02,Candidate loss there treatment feeling none.
TXT3,DE,MO-8606,OP-998,SUBOP-15,Company already discussion service technology research from table lay white.
TXT3,FR,MO-4635,OP-129,SUBOP-54,Bed cover white common author hot role me bar.
TXT3,EN,MO-2219,OP-077,SUBOP-27,Provide old clearly administration style control.
TXT1,DE,MO-5206,OP-746,SUBOP-63,Describe theory sell our for force.
TXT2,EN,MO-9671,OP-300,SUBOP-31,That real share computer politics nothing military fall certain prove.
TXT1,DE,MO-1688,OP-567,SUBOP-16,With election serve sea PM us.
TXT1,DE,MO-2223,OP-399,SUBOP-27,Dream last within stand across could positive.
TXT3,DE,MO-2308,OP-083,SUBOP-98,Win goal thousand enjoy from tonight up popular or benefit.
TXT3,FR,MO-2759,OP-953,SUBOP-78,Attorney off human eat guess black past middle forward foreign.
TXT2,FR,MO-4516,OP-248,SUBOP-82,Order director and support that ahead suffer process radio.
TXT1,DE,MO-4258,OP-826,SUBOP-01,Project boy some away production development.
TXT2,FR,MO-5826,OP-914,SUBOP-07,Positive major brother customer law.
TXT1,FR,MO-8436,OP-631,SUBOP-23,Certainly season region crime son yes bad citizen break save.
TXT2,DE,MO-5678,OP-956,SUBOP-59,Least tend society cold economy positive fast.
TXT1,DE,MO-4661,OP-268,SUBOP-01,Tell war conference around commercial price popular.
TXT2,FR,MO-2209,OP-714,SUBOP-88,Former join base court network manage.
TXT1,FR,MO-9813,OP-655,SUBOP-42,Year letter fast yes ground everything develop role base.
TXT1,DE,MO-9981,OP-656,SUBOP-45,Choice someone prepare business our view herself.
TXT3,FR,MO-4926,OP-403,SUBOP-61,Nearly play success role partner management room safe sell present.
TXT1,DE,MO-1001,OP-753,SUBOP-60,Remember little argue reason own rich.
TXT3,EN,MO-5751,OP-150,SUBOP-48,Whether issue story choice however tax.
TXT2,DE,MO-7594,OP-663,SUBOP-46,Return do may bad important.
TXT3,DE,MO-7328,OP-963,SUBOP-95,Win form great doctor common treat.
TXT1,DE,MO-8182,OP-651,SUBOP-74,Parent behavior each data money fall public in decade explain.
TXT3,EN,MO-0286,OP-034,SUBOP-00,Light cost eat after piece news Mrs investment event result.
TXT3,DE,MO-9376,OP-134,SUBOP-72,Whose us strategy recent hotel.
TXT2,DE,MO-4092,OP-132,SUBOP-10,Determine Republican he indeed few hand hear run.
TXT3,DE,MO-6279,OP-396,SUBOP-34,Possible guy mission way here.
TXT2,EN,MO-0619,OP-542,SUBOP-31,Toward design certain clearly body.
TXT2,EN,MO-6538,OP-387,SUBOP-83,Reduce draw hospital account mean part agent wait like.
TXT3,FR,MO-7079,OP-027,SUBOP-38,North speech reason shoulder after control.
TXT1,EN,MO-1487,OP-910,SUBOP-46,Short environmental save goal task mention author risk million.
TXT2,DE,MO-8674,OP-474,SUBOP-47,Policy minute dinner at hold white spend story the.
TXT3,DE,MO-2385,OP-388,SUBOP-79,Fear computer camera rise seat sister yet fast force hour institution.
TXT2,FR,MO-2492,OP-254,SUBOP-96,Class at former wife wrong.
TXT3,FR,MO-7117,OP-225,SUBOP-33,Yeah save tonight million themselves central stage Congress soldier reason.
TXT3,DE,MO-6968,OP-645,SUBOP-03,Culture something type off exist paper as enter.
TXT1,FR,MO-1473,OP-776,SUBOP-52,Table visit able behind it only.
TXT3,EN,MO-1425,OP-297,SUBOP-43,Pass culture sound media through western understand every feel huge.
TXT2,DE,MO-1202,OP-346,SUBOP-08,Several thank college discover first high wind since floor east.
TXT2,DE,MO-9830,OP-670,SUBOP-66,Fall clear ten ask later doctor nothing.
TXT1,EN,MO-0689,OP-575,SUBOP-85,Hand gun trip one if each.
TXT2,DE,MO-7178,OP-057,SUBOP-32,Team into arm relate maybe whose seem put entire.
TXT1,DE,MO-5510,OP-571,SUBOP-41,Seem remain fact sense.
TXT3,EN,MO-3374,OP-184,SUBOP-20,Area hot stand nature high break.
TXT3,FR,MO-4307,OP-496,SUBOP-50,State certainly skill white play.
TXT3,DE,MO-5851,OP-571,SUBOP-21,Right person win not.
TXT1,EN,MO-1496,OP-576,SUBOP-81,Especially class already herself attention himself sign.
TXT2,EN,MO-3562,OP-806,SUBOP-10,All herself degree as.
TXT2,FR,MO-3437,OP-850,SUBOP-12,Occur travel beyond item debate.
TXT3,FR,MO-5469,OP-509,SUBOP-69,Forget involve well interest meet paper significant approach.
TXT2,DE,MO-2165,OP-789,SUBOP-40,Expert subject vote final walk range international.
TXT1,EN,MO-8735,OP-630,SUBOP-71,Field happen study word public grow activity.
TXT1,DE,MO-5645,OP-488,SUBOP-39,Audience should oil its mission.
TXT1,EN,MO-6417,OP-398,SUBOP-98,Knowledge human feel they against song.
TXT1,EN,MO-4172,OP-318,SUBOP-80,Significant form left land rate consider research majority.
TXT2,DE,MO-5325,OP-618,SUBOP-32,Far couple none community industry admit position list.
TXT1,DE,MO-7316,OP-045,SUBOP-09,Mother last score however reach serve assume.
TXT2,EN,MO-6787,OP-507,SUBOP-74,Mr effect media claim.
TXT3,EN,MO-9936,OP-289,SUBOP-49,Eat be air yourself best pick write amount.
TXT2,DE,MO-8473,OP-099,SUBOP-92,Road young collection reduce industry interview international continue.
TXT1,FR,MO-5801,OP-964,SUBOP-89,Interest oil word first himself.
TXT2,EN,MO-7563,OP-749,SUBOP-65,Customer thought could about region industry hot member.
TXT3,FR,MO-6090,OP-834,SUBOP-12,Camera two enter will quickly near discuss pressure computer.
TXT3,DE,MO-6143,OP-233,SUBOP-18,Congress list community theory save home sure child.
TXT3,FR,MO-5212,OP-733,SUBOP-27,Clear born trial generation community.
TXT2,FR,MO-5030,OP-453,SUBOP-20,Key daughter idea heart camera.
TXT1,EN,MO-0680,OP-952,SUBOP-90,Party bit dinner join ahead church responsibility these star boy.
TXT1,EN,MO-2199,OP-163,SUBOP-43,Medical pull join interest few catch movie young air seven.
TXT2,FR,MO-3173,OP-399,SUBOP-14,Along sure edge arrive table similar bed option half whose.
TXT1,EN,MO-0896,OP-362,SUBOP-47,Response citizen detail quickly involve year already partner smile finally.
TXT1,FR,MO-1823,OP-749,SUBOP-73,Organization cost fire else feel fly season.
TXT2,FR,MO-3667,OP-114,SUBOP-49,Foot opportunity mouth present life than two since any cause.
TXT3,DE,MO-0636,OP-300,SUBOP-86,Sport both dream sell include personal.
TXT1,FR,MO-0940,OP-517,SUBOP-74,Account short space morning movement stay skill cell local society.
TXT3,DE,MO-9555,OP-447,SUBOP-73,Physical once consider international look prevent.
TXT1,EN,MO-7298,OP-643,SUBOP-98,West pick minute go record some forward suggest happen.
TXT3,FR,MO-1411,OP-858,SUBOP-61,Increase challenge since within five safe produce may.
TXT3,DE,MO-4029,OP-915,SUBOP-66,Play later stop bill southern will speak or activity.
TXT1,DE,MO-2639,OP-651,SUBOP-31,Billion region happen weight woman.
TXT1,DE,MO-5368,OP-829,SUBOP-59,Tonight my surface institution half.
TXT2,FR,MO-8181,OP-799,SUBOP-30,Thing risk value two technology get boy break present.
TXT1,EN,MO-7187,OP-685,SUBOP-81,Threat few speak place color.
TXT1,FR,MO-7278,OP-482,SUBOP-06,Strong charge director compare might field meet all identify into.
TXT2,EN,MO-5264,OP-212,SUBOP-53,City bar center these total sign know.
TXT3,DE,MO-6198,OP-140,SUBOP-35,Eye after beat entire think explain out purpose whole.
TXT2,FR,MO-5373,OP-385,SUBOP-61,Difference experience get from land population fly season success foreign however.
TXT3,DE,MO-5760,OP-685,SUBOP-07,Value education student line what professional peace seven.
TXT2,EN,MO-7086,OP-189,SUBOP-64,Information black rule together take yes find wait.
TXT1,DE,MO-7363,OP-703,SUBOP-46,Peace certainly condition main garden parent.
TXT1,DE,MO-4772,OP-860,SUBOP-94,Health learn west happy increase always for natural.
TXT3,EN,MO-3745,OP-669,SUBOP-69,Provide vote hotel check push fight case change style human.
TXT1,EN,MO-7928,OP-883,SUBOP-22,Modern stop blood listen poor draw century process spring health.
TXT3,DE,MO-1348,OP-115,SUBOP-01,Scene study window activity born alone around.
TXT2,EN,MO-1025,OP-684,SUBOP-20,Development base establish people treatment this.
TXT1,FR,MO-0592,OP-377,SUBOP-59,Short so defense live center friend job rather.
TXT3,FR,MO-7636,OP-299,SUBOP-58,Same practice four stay would unit nearly miss door.
TXT2,EN,MO-7326,OP-488,SUBOP-76,Can already side image leg quite.
TXT1,FR,MO-0583,OP-751,SUBOP-36,In arm defense industry writer make can these.
TXT1,DE,MO-5288,OP-055,SUBOP-05,Them authority attorney audience want.
TXT3,EN,MO-9962,OP-728,SUBOP-86,Night find listen deal dinner.
TXT1,FR,MO-9793,OP-401,SUBOP-79,Range Republican value effect pick mean born by easy finally.
TXT3,EN,MO-9703,OP-727,SUBOP-96,Evidence into represent now various keep.
TXT1,FR,MO-7958,OP-482,SUBOP-94,South certain news particularly.
TXT2,EN,MO-3000,OP-291,SUBOP-99,Development edge people figure cultural.
TXT1,DE,MO-2379,OP-382,SUBOP-12,Together bar really stuff something yes security.
TXT3,DE,MO-3186,OP-701,SUBOP-42,Beat must determine car.
TXT3,EN,MO-4573,OP-855,SUBOP-89,Way ground wait accept number brother necessary can moment remain.
TXT3,FR,MO-2585,OP-653,SUBOP-86,Those similar training politics ahead make arm.
TXT2,FR,MO-7675,OP-167,SUBOP-42,Thing west growth important serve.
TXT1,EN,MO-7123,OP-998,SUBOP-91,Bar military manage company much both.
TXT1,FR,MO-1267,OP-199,SUBOP-46,Weight age young current education find listen scene executive.
TXT1,FR,MO-8350,OP-974,SUBOP-46,Hope action share make short.
TXT3,EN,MO-0631,OP-058,SUBOP-90,Price behavior people management from.
TXT3,FR,MO-6996,OP-718,SUBOP-73,Whom health deal among place decide short project two letter.
TXT1,DE,MO-8302,OP-419,SUBOP-84,Church seek charge friend throughout since go into.
TXT3,FR,MO-8746,OP-509,SUBOP-30,Play system he friend action your vote term.
TXT1,EN,MO-8811,OP-242,SUBOP-98,Himself study middle section nearly drive real data budget party.
TXT1,EN,MO-9703,OP-573,SUBOP-41,List someone white enjoy.
TXT3,EN,MO-6954,OP-658,SUBOP-65,Into begin morning enough tree behavior support peace glass.
TXT1,DE,MO-1039,OP-055,SUBOP-65,Nation fall very it eat likely town unit find close.
TXT3,FR,MO-0985,OP-973,SUBOP-96,Family friend total find paper dinner hundred doctor.
TXT1,EN,MO-2741,OP-769,SUBOP-35,Within above rather bank condition.
TXT3,EN,MO-9743,OP-956,SUBOP-00,Recently would own increase base star person.
TXT3,EN,MO-6685,OP-673,SUBOP-19,Election wonder low public president cut table.
TXT3,FR,MO-3941,OP-270,SUBOP-86,Result best chair cut early.
TXT1,FR,MO-0259,OP-307,SUBOP-16,Blood left deal particularly night positive young how industry become.
TXT1,FR,MO-9718,OP-021,SUBOP-53,Red speak agency class campaign such bag require her market.
TXT2,FR,MO-7656,OP-283,SUBOP-55,This network on shoulder behavior purpose nor oil forget.
TXT1,FR,MO-0169,OP-116,SUBOP-55,Building reduce pass gun choose single special now.